chr12	113350796	rs2057778	12:113350796:G:T	8.320999999999999e-9	0.058428999999999995	0.010140999999999999	G	T
chr12	113352159	rs4767023	12:113352159:T:C	2.968e-9	0.060057000000000006	0.010121999999999999	T	C
chr12	113357193	rs10774671	12:113357193:G:A	6.506000000000001e-10	0.062014	0.010038	G	A
chr12	113357209	rs1131476	12:113357209:G:A	1.909e-9	0.060501	0.010075	G	A
chr12	113357442	rs2660	12:113357442:G:A	1.467e-9	0.060965	0.01008	G	A
chr12	113358106	rs7135577	12:113358106:A:G	6.226000000000001e-9	0.058749	0.010111	A	G
chr12	113358791	rs4767024	12:113358791:T:C	3.783e-9	0.059549	0.010104	T	C
chr12	113358794	rs4767025	12:113358794:C:T	2.221e-9	0.060363	0.010093000000000001	C	T
chr12	113359132	rs4767026	12:113359132:A:G	3.5780000000000003e-9	0.059614	0.0101	A	G
chr12	113359157	rs4767027	12:113359157:T:C	3.619e-9	0.059618	0.010103	T	C
chr12	113359188	rs4767028	12:113359188:A:G	5.3349999999999995e-9	0.059003	0.010109	A	G
chr12	113359318	rs4767029	12:113359318:G:A	1.325e-9	0.061193	0.010091	G	A
chr12	113359577	rs4767030	12:113359577:C:T	3.4789999999999997e-9	0.059646000000000005	0.010097	C	T
chr12	113359703	rs10850092	12:113359703:C:G	2.334e-9	0.060320000000000006	0.010099	C	G
chr12	113360025	rs6489864	12:113360025:A:G	1.6470000000000002e-9	0.060848	0.010092	A	G
chr12	113360302	rs6489865	12:113360302:A:G	2.613e-9	0.06014	0.0101	A	G
chr12	113360468	rs10850093	12:113360468:C:T	1.657e-9	0.060825	0.01009	C	T
chr12	113360563	rs10850094	12:113360563:T:C	1.371e-9	0.06113	0.010089	T	C
chr12	113360575	rs10850095	12:113360575:T:C	2.052e-9	0.060520000000000004	0.010097	T	C
chr12	113360737	rs10774672	12:113360737:G:T	3.504e-9	0.059636	0.010097	G	T
chr12	113360786	rs10850096	12:113360786:T:C	2.472e-9	0.060217999999999994	0.010098000000000001	T	C
chr12	113361117	rs10850097	12:113361117:C:T	1.656e-9	0.060808	0.010087	C	T
chr12	113361158	rs10774673	12:113361158:C:T	1.7449999999999999e-9	0.060740999999999996	0.01009	C	T
chr12	113361174	rs10774674	12:113361174:T:C	1.877e-9	0.060621	0.01009	T	C
chr12	113361237	rs10774675	12:113361237:C:T	1.881e-9	0.060548000000000005	0.010078	C	T
chr12	113361443	rs11066451	12:113361443:G:A	1.537e-9	0.060837999999999996	0.010072	G	A
chr12	113361574	rs11066452	12:113361574:G:T	2.234e-9	0.060251	0.010076	G	T
chr12	113362058	rs10850098	12:113362058:G:C	2.736e-9	0.05960700000000001	0.010023	G	C
chr12	113362407	rs10774676	12:113362407:A:G	1.8940000000000003e-9	0.060158	0.010015000000000001	A	G
chr12	113362421	rs10774677	12:113362421:G:A	2.0100000000000003e-9	0.060059	0.010015000000000001	G	A
chr12	113362751	rs4767031	12:113362751:C:G	2.179e-9	0.062563	0.010454999999999999	C	G
chr12	113362974	rs4766663	12:113362974:A:G	2.492e-9	0.05973200000000001	0.010019	A	G
chr12	113362997	rs4766664	12:113362997:T:G	5.131e-10	0.06213200000000001	0.009997	T	G
chr12	113363077	rs4767032	12:113363077:T:G	2.457e-9	0.05975	0.010018	T	G
chr12	113363109	rs4766665	12:113363109:T:C	1.886e-9	0.060125	0.010009	T	C
chr12	113363178	rs4988618	12:113363178:G:A	1.5939999999999999e-9	0.0604	0.010009	G	A
chr12	113363284	rs7958379	12:113363284:A:G	1.5559999999999998e-9	0.06046	0.010013	A	G
chr12	113363408	rs6489866	12:113363408:A:G	1.599e-9	0.060397	0.010009	A	G
chr12	113363550	rs6489867	12:113363550:C:T	1.25e-9	0.060767999999999996	0.010005	C	T
chr12	113363692	rs6489868	12:113363692:G:C	1.863e-9	0.060139	0.010008	G	C
chr12	113363922	rs6489869	12:113363922:A:C	2.625e-9	0.059649	0.010019	A	C
chr12	113363972	rs6489870	12:113363972:G:A	1.512e-9	0.060483	0.010009	G	A
chr12	113364332	rs4766666	12:113364332:A:G	1.636e-9	0.060379999999999996	0.010013	A	G
chr12	113364382	rs4767033	12:113364382:T:A	1.443e-9	0.060884	0.010062	T	A
chr12	113364471	rs4767034	12:113364471:A:G	1.313e-9	0.060733	0.010012	A	G
chr12	113364504	rs10850099	12:113364504:A:G	1.6980000000000001e-9	0.060316999999999996	0.010012	A	G
chr12	113364512	rs10850100	12:113364512:T:C	1.893e-9	0.06014	0.010012	T	C
chr12	113364633	rs4766667	12:113364633:G:A	1.559e-9	0.060445000000000006	0.010011	G	A
chr12	113364780	rs4766668	12:113364780:T:C	1.7560000000000001e-9	0.060248	0.01001	T	C
chr12	113365065	rs4766671	12:113365065:A:G	1.65e-9	0.060334000000000006	0.010006999999999999	A	G
chr12	113365148	rs4766672	12:113365148:A:G	1.367e-9	0.06326	0.010440000000000001	A	G
chr12	113365161	rs4766673	12:113365161:A:G	1.634e-9	0.060353	0.010008	A	G
chr12	113365201	rs4766674	12:113365201:G:T	1.553e-9	0.060440999999999995	0.010009	G	T
chr12	113365453	rs4766675	12:113365453:A:T	1.424e-9	0.060580999999999996	0.010009	A	T
chr12	113365581	rs4766676	12:113365581:C:T	1.287e-9	0.063365	0.010440999999999999	C	T
chr12	113365667	rs7304898	12:113365667:T:C	1.598e-9	0.060392999999999995	0.010008	T	C
chr12	113365687	rs7315441	12:113365687:G:T	1.5459999999999998e-9	0.060514	0.010020000000000001	G	T
chr12	113365803	rs7305035	12:113365803:T:C	1.3639999999999998e-9	0.06072	0.010020000000000001	T	C
chr12	113365828	rs7316586	12:113365828:C:T	1.5890000000000002e-9	0.060407	0.010009	C	T
chr12	113366049	rs916972	12:113366049:G:T	1.5459999999999998e-9	0.060444000000000005	0.010008	G	T
chr12	113366691	rs7134391	12:113366691:G:A	1.4300000000000002e-9	0.060562	0.010006999999999999	G	A
chr12	113366899	rs7306205	12:113366899:A:G	1.5140000000000001e-9	0.06048099999999999	0.010009	A	G
chr12	113367309	rs1859336	12:113367309:C:T	1.047e-9	0.061086	0.010011	C	T
chr12	113367343	rs2384071	12:113367343:A:G	1.311e-9	0.061026	0.01006	A	G
chr12	113367422	rs2384072	12:113367422:T:C	2.385e-9	0.05979400000000001	0.010017	T	C
chr12	113367595	rs2384073	12:113367595:A:G	1.393e-9	0.060626	0.01001	A	G
chr12	113367895	rs6489874	12:113367895:A:G	1.469e-9	0.060530999999999994	0.010009	A	G
chr12	113368030	rs6489875	12:113368030:G:A	1.644e-9	0.060367	0.010012	G	A
chr12	113368055	rs6489876	12:113368055:G:A	1.4219999999999998e-9	0.06060499999999999	0.010012	G	A
chr12	113368079	rs6489877	12:113368079:A:G	2.247e-9	0.05991900000000001	0.010022	A	G
chr12	113368125	rs6489878	12:113368125:A:G	1.553e-9	0.060457000000000004	0.010012	A	G
chr12	113368249	rs7298184	12:113368249:C:A	1.6420000000000001e-9	0.060348	0.010008	C	A
chr12	113368505	rs12322160	12:113368505:A:G	1.3420000000000001e-9	0.060683	0.01001	A	G
chr12	113368605	rs7132404	12:113368605:T:C	1.5049999999999999e-9	0.060484	0.010008	T	C
chr12	113369177	rs4767036	12:113369177:T:G	1.736e-9	0.060271000000000005	0.010011	T	G
chr12	113370427	rs1154970	12:113370427:A:C	2.0790000000000003e-8	0.058607000000000006	0.010456	A	C
chr12	113370966	rs1859333	12:113370966:T:C	1.6969999999999998e-9	0.060400999999999996	0.010026	T	C
chr12	113371523	rs1981554	12:113371523:G:C	2.475e-9	0.059726999999999995	0.010015999999999999	G	C
chr12	113371646	rs9971885	12:113371646:A:C	2.1929999999999998e-9	0.05987000000000001	0.010006999999999999	A	C
chr12	113371973	rs57484342	12:113371973:A:G	2.392e-9	0.059747	0.01001	A	G
chr12	113371977	rs61266553	12:113371977:A:G	1.982e-9	0.060053999999999996	0.01001	A	G
chr12	113372539	rs7966314	12:113372539:A:G	1.99e-9	0.060091	0.010018	A	G
chr12	113372804	rs4767037	12:113372804:A:C	1.2089999999999999e-9	0.060832000000000004	0.010006999999999999	A	C
chr12	113372866	rs1981557	12:113372866:G:C	1.1469999999999999e-9	0.06091900000000001	0.010006999999999999	G	C
chr12	113372961	rs1981556	12:113372961:C:G	1.291e-9	0.060758000000000006	0.010012	C	G
chr12	113372977	rs1981555	12:113372977:G:A	1.4000000000000001e-9	0.060624000000000004	0.010011	G	A
chr12	113373563	rs3759376	12:113373563:A:G	1.184e-9	0.060943	0.010020000000000001	A	G
chr12	113373588	rs3759375	12:113373588:A:G	1.09e-9	0.06101	0.010009	A	G
chr12	113374017	rs4767040	12:113374017:G:C	1.694e-9	0.060296	0.010008	G	C
chr12	113374748	rs10774679	12:113374748:C:T	6.293999999999999e-10	0.061959	0.010020999999999999	C	T
chr12	113375036	rs7132797	12:113375036:A:C	1.499e-9	0.060504999999999996	0.01001	A	C
chr12	113375983	rs1156361	12:113375983:T:C	1.386e-9	0.060569000000000005	0.009999700000000002	T	C
chr12	113376320	rs3815178	12:113376320:C:T	2.0030000000000002e-9	0.06010700000000001	0.010022	C	T
chr12	113376388	rs1859330	12:113376388:G:A	4.0510000000000003e-10	0.062452999999999995	0.0099892	G	A
chr12	113376913	rs7299132	12:113376913:T:A	1.0050000000000001e-9	0.061198	0.010018	T	A
chr12	113377822	rs6489879	12:113377822:G:A	1.196e-9	0.060895000000000005	0.010014	G	A
chr12	113378081	rs4238033	12:113378081:T:A	1.5129999999999998e-9	0.060525	0.010015999999999999	T	A
chr12	113378677	rs4767041	12:113378677:G:A	3.741e-9	0.059052999999999994	0.010017	G	A
chr12	113379039	rs7955267	12:113379039:C:T	2.571e-9	0.059620000000000006	0.010008	C	T
chr12	113379123	rs7311182	12:113379123:T:C	1.3800000000000002e-9	0.06068	0.010017	T	C
chr12	113380008	rs10735079	12:113380008:G:A	1.1310000000000001e-9	0.060862	0.009994	G	A
chr12	113380271	rs6489880	12:113380271:C:T	1.357e-9	0.0607	0.010015999999999999	C	T
chr12	113380529	rs7980275	12:113380529:T:A	2.242e-8	0.061117	0.010929000000000001	T	A
chr12	113380708	rs7977345	12:113380708:A:T	3.121e-9	0.059351	0.010017	A	T
chr12	113381217	rs6489881	12:113381217:A:T	3.5280000000000002e-9	0.059148	0.010017	A	T
chr12	113381376	rs6489882	12:113381376:G:A	1.527e-9	0.060561000000000004	0.010024	G	A
chr12	113381695	rs7131998	12:113381695:A:C	1.809e-9	0.060780999999999995	0.010106	A	C
chr12	113381749	rs7135260	12:113381749:T:C	6.848e-10	0.062363999999999996	0.010108	T	C
chr12	113381956	rs2269899	12:113381956:C:T	4.6269999999999996e-10	0.063071	0.010121999999999999	C	T
chr12	113382977	rs2384074	12:113382977:C:T	7.031e-10	0.06233300000000001	0.01011	C	T
chr12	113385000	rs10850103	12:113385000:A:T	2.7e-9	0.061614999999999996	0.010358	A	T
chr12	113386950	rs2285932	12:113386950:T:C	2.265e-9	0.061872	0.010351	T	C
chr12	113390679	rs7970893	12:113390679:T:C	2.923e-8	0.054229	0.009778100000000001	T	C
chr12	113392065	rs7310791	12:113392065:T:G	3.061e-8	0.054292999999999994	0.0098039	T	G
chr12	113392182	rs7310667	12:113392182:A:G	6.538e-10	0.063724	0.010317	A	G
chr12	113396010	rs10744789	12:113396010:T:C	2.7230000000000003e-10	0.065121	0.010314	T	C
chr12	113397143	rs4238034	12:113397143:T:C	2.9519999999999997e-10	0.06499500000000001	0.010315000000000001	T	C
chr12	113402899	rs4767044	12:113402899:C:A	1.7119999999999999e-9	0.062360000000000006	0.010354	C	A
chr12	113405181	rs1557866	12:113405181:A:C	1.393e-9	0.062717	0.010356	A	C
chr12	113406196	rs3937434	12:113406196:A:G	1.064e-9	0.063114	0.010347	A	G
chr12	113406460	rs2016831	12:113406460:G:C	1.1350000000000001e-9	0.06300599999999999	0.010347	G	C
chr12	113406945	rs757405	12:113406945:T:A	1.6390000000000002e-10	0.068926	0.010783	T	A
chr12	113408208	rs2010604	12:113408208:G:C	1.1219999999999998e-9	0.067413	0.011068000000000001	G	C
chr12	113409413	rs4767045	12:113409413:C:T	9.205000000000001e-10	0.063376	0.010351	C	T
chr12	113410316	rs10744791	12:113410316:G:A	8.450000000000001e-10	0.063513	0.010351	G	A
chr12	113418850	rs1298962	12:113418850:G:C	6.542e-9	0.060015	0.010343000000000001	G	C
chr12	113419177	rs1293774	12:113419177:C:T	5.6000000000000005e-9	0.060284000000000004	0.010343000000000001	C	T
chr12	113420604	rs1293772	12:113420604:A:G	6.048e-9	0.060126	0.010339	A	G
chr12	113421295	rs1293771	12:113421295:A:G	4.989e-9	0.060514	0.010348999999999999	A	G
chr12	113424501	rs1293768	12:113424501:T:G	3.6949999999999997e-9	0.060977	0.01034	T	G
chr12	113425154	rs1293767	12:113425154:C:G	8.764e-10	0.066069	0.010777	C	G
chr12	113425493	rs1293765	12:113425493:T:C	6.463e-9	0.060150999999999996	0.010362999999999999	T	C
chr12	113425679	rs1293764	12:113425679:T:C	6.467000000000001e-9	0.060132000000000005	0.01036	T	C
